-- Datos base para el sistema (Diferentes a los usados en los tests BDD)

-- 1. Catálogos base (Tipo de prueba y Área)
INSERT INTO public.tipo_prueba (id_tipo_prueba, valor, activo)
VALUES ('10000000-0000-0000-0000-000000000001', 'Examen Psicométrico', true);

INSERT INTO public.tipo_prueba (id_tipo_prueba, valor, activo)
VALUES ('10000000-0000-0000-0000-000000000002', 'INGRESO_UNIVERSITARIO_PRIMERA_RONDA', true);


INSERT INTO public.area (id_area, id_area_padre, nombre, descripcion, activo)
VALUES ('20000000-0000-0000-0000-000000000001', NULL, 'Física', 'Área de ciencias físicas', true);

-- 2. Prueba y Claves
INSERT INTO public.prueba (id_prueba, nombre, indicaciones, id_tipo_prueba, puntaje_maximo, nota_aprobacion, duracion, fecha_creacion)
VALUES ('30000000-0000-0000-0000-000000000001', 'Prueba de Aptitud 2026', 'Sin calculadora', '10000000-0000-0000-0000-000000000001', 10.00, 6.00, 90, CURRENT_TIMESTAMP);

INSERT INTO public.prueba (id_prueba, nombre, indicaciones, id_tipo_prueba, puntaje_maximo, nota_aprobacion, duracion, fecha_creacion)
VALUES ('30000000-0000-0000-0000-000000000002', 'NUEVO_INGRESO_2026', 'Sin calculadora', '10000000-0000-0000-0000-000000000002', 100.00, 60.00, 120, CURRENT_TIMESTAMP);


INSERT INTO public.prueba_clave (id_prueba_clave, nombre_clave, id_prueba)
VALUES ('40000000-0000-0000-0000-000000000001', 'Clave Base', '30000000-0000-0000-0000-000000000001');


INSERT INTO public.prueba_clave (id_prueba_clave, nombre_clave, id_prueba)
VALUES ('40000000-0000-0000-0000-000000000002', 'PRIMERA_CLAVE', '30000000-0000-0000-0000-000000000002');


INSERT INTO public.prueba_clave_area (id_prueba_clave, id_area, cantidad, porcentaje)
VALUES ('40000000-0000-0000-0000-000000000001', '20000000-0000-0000-0000-000000000001', 1, 100.00);

INSERT INTO public.prueba_clave_area (id_prueba_clave, id_area, cantidad, porcentaje)
VALUES ('40000000-0000-0000-0000-000000000002', '20000000-0000-0000-0000-000000000001', 10, 100.00);


-- 3. Banco de Preguntas y Distractores
INSERT INTO public.pregunta (id_pregunta, valor, activo, imagen_url)
VALUES ('50000000-0000-0000-0000-000000000001', '¿Fórmula de la fuerza?', true, NULL);

INSERT INTO public.pregunta_area (id_pregunta, id_area)
VALUES ('50000000-0000-0000-0000-000000000001', '20000000-0000-0000-0000-000000000001');

INSERT INTO public.distractor (id_distractor, valor, activo, imagen_url)
VALUES
    ('60000000-0000-0000-0000-000000000001', 'F = m * a', true, NULL),
    ('60000000-0000-0000-0000-000000000002', 'F = m / a', true, NULL);

INSERT INTO public.distractor_area (id_distractor, id_area)
VALUES
    ('60000000-0000-0000-0000-000000000001', '20000000-0000-0000-0000-000000000001'),
    ('60000000-0000-0000-0000-000000000002', '20000000-0000-0000-0000-000000000001');

INSERT INTO public.pregunta_distractor (id_pregunta, id_distractor, correcto)
VALUES
    ('50000000-0000-0000-0000-000000000001', '60000000-0000-0000-0000-000000000001', true),
    ('50000000-0000-0000-0000-000000000001', '60000000-0000-0000-0000-000000000002', false);

-- Armado de clave con pregunta y distractores
INSERT INTO public.prueba_clave_area_pregunta (id_prueba_clave, id_area, id_pregunta, porcentaje)
VALUES ('40000000-0000-0000-0000-000000000001', '20000000-0000-0000-0000-000000000001', '50000000-0000-0000-0000-000000000001', 10.00);

INSERT INTO public.prueba_clave_area_pregunta_distractor (id_prueba_clave, id_area, id_pregunta, id_distractor)
VALUES
    ('40000000-0000-0000-0000-000000000001', '20000000-0000-0000-0000-000000000001', '50000000-0000-0000-0000-000000000001', '60000000-0000-0000-0000-000000000001'),
    ('40000000-0000-0000-0000-000000000001', '20000000-0000-0000-0000-000000000001', '50000000-0000-0000-0000-000000000001', '60000000-0000-0000-0000-000000000002');

INSERT INTO public.prueba_clave_area_pregunta (id_prueba_clave, id_area, id_pregunta, porcentaje)
VALUES ('40000000-0000-0000-0000-000000000002', '20000000-0000-0000-0000-000000000001', '50000000-0000-0000-0000-000000000001', 10.00);

INSERT INTO public.prueba_clave_area_pregunta_distractor (id_prueba_clave, id_area, id_pregunta, id_distractor)
VALUES
    ('40000000-0000-0000-0000-000000000002', '20000000-0000-0000-0000-000000000001', '50000000-0000-0000-0000-000000000001', '60000000-0000-0000-0000-000000000001'),
    ('40000000-0000-0000-0000-000000000002', '20000000-0000-0000-0000-000000000001', '50000000-0000-0000-0000-000000000001', '60000000-0000-0000-0000-000000000002');


-- 4. Logística (Jornada y Aula)
INSERT INTO public.jornada (id_jornada, nombre, fecha_inicio, fecha_fin)
VALUES ('70000000-0000-0000-0000-000000000001', 'Jornada Matutina Base', '2026-11-01 07:00:00+00', '2026-11-01 11:00:00+00');

INSERT INTO public.jornada_aula (id_jornada_aula, id_jornada, id_aula)
VALUES ('80000000-0000-0000-0000-000000000001', '70000000-0000-0000-0000-000000000001', 'Aula 202');

INSERT INTO public.prueba_jornada (id_prueba, id_jornada)
VALUES ('30000000-0000-0000-0000-000000000001', '70000000-0000-0000-0000-000000000001');

INSERT INTO public.prueba_jornada (id_prueba, id_jornada)
VALUES ('30000000-0000-0000-0000-000000000002', '70000000-0000-0000-0000-000000000001');


-- 5. Aspirante, Asignación y Examen
INSERT INTO public.aspirante (id_aspirante, nombres, apellidos, fecha_nacimiento, documento_identidad, correo, fecha_creacion)
VALUES ('90000000-0000-0000-0000-000000000001', 'Carlos', 'López', '2004-05-10', '98765432-1', 'carlos.lopez@email.com', CURRENT_TIMESTAMP);

INSERT INTO public.aspirante (id_aspirante, nombres, apellidos, fecha_nacimiento, documento_identidad, correo, fecha_creacion)
VALUES ('90000000-0000-0000-0000-000000000002', 'Maria', 'Lopez', '2004-05-11', '98765422-2', 'maria.lopez@email.com', CURRENT_TIMESTAMP);


INSERT INTO public.aspirante_opcion (id_aspirante_opcion, id_aspirante, id_opcion, prioridad, fecha_creacion)
VALUES ('A0000000-0000-0000-0000-000000000001', '90000000-0000-0000-0000-000000000001', 'E90909', 1, CURRENT_TIMESTAMP);

INSERT INTO public.aspirante_opcion (id_aspirante_opcion, id_aspirante, id_opcion, prioridad, fecha_creacion)
VALUES ('A0000000-0000-0000-0000-000000000002', '90000000-0000-0000-0000-000000000002', 'E90909', 1, CURRENT_TIMESTAMP);


INSERT INTO public.prueba_clave (id_prueba_clave, nombre_clave, id_prueba)
VALUES ('50000000-0000-0000-0000-000000000001', 'Clave BDD Cascada', '30000000-0000-0000-0000-000000000001');



-- 7. Área Nueva (Física ya existe, solo agregamos Matemática)
INSERT INTO public.area (id_area, id_area_padre, nombre, descripcion, activo)
VALUES ('20000000-0000-0000-0000-000000000002', NULL, 'Matemática', 'Área de ciencias exactas', true);

-- 8. Banco de Preguntas adicionales (IDs 002 al 005 para no chocar con la base)
INSERT INTO public.pregunta (id_pregunta, valor, activo, imagen_url)
VALUES
    ('50000000-0000-0000-0000-000000000002', '¿Qué es la inercia?', true, NULL),
    ('50000000-0000-0000-0000-000000000003', '¿Cuál es la constante de la gravedad?', true, NULL),
    ('50000000-0000-0000-0000-000000000004', '¿Cuál es la derivada de x^2?', true, NULL),
    ('50000000-0000-0000-0000-000000000005', '¿Qué es un número primo?', true, NULL);

-- Enlace de preguntas adicionales con sus áreas (Física: ID ...001 | Matemática: ID ...002)
INSERT INTO public.pregunta_area (id_pregunta, id_area)
VALUES
    ('50000000-0000-0000-0000-000000000002', '20000000-0000-0000-0000-000000000001'),
    ('50000000-0000-0000-0000-000000000003', '20000000-0000-0000-0000-000000000001'),
    ('50000000-0000-0000-0000-000000000004', '20000000-0000-0000-0000-000000000002'),
    ('50000000-0000-0000-0000-000000000005', '20000000-0000-0000-0000-000000000002');

-- 9. Banco de Distractores adicionales (IDs 003 al 009 para no chocar)
INSERT INTO public.distractor (id_distractor, valor, activo, imagen_url)
VALUES
    ('60000000-0000-0000-0000-000000000003', 'Resistencia al cambio de estado', true, NULL),
    ('60000000-0000-0000-0000-000000000004', 'Una fuerza magnética', true, NULL),
    ('60000000-0000-0000-0000-000000000005', 'Ninguna de las anteriores', true, NULL),
    ('60000000-0000-0000-0000-000000000006', '9.8 m/s^2', true, NULL),
    ('60000000-0000-0000-0000-000000000007', '3.1416', true, NULL),
    ('60000000-0000-0000-0000-000000000008', '2x', true, NULL),
    ('60000000-0000-0000-0000-000000000009', 'x', true, NULL);

-- Enlace de los distractores con sus áreas correspondientes
INSERT INTO public.distractor_area (id_distractor, id_area)
VALUES
    ('60000000-0000-0000-0000-000000000003', '20000000-0000-0000-0000-000000000001'),
    ('60000000-0000-0000-0000-000000000004', '20000000-0000-0000-0000-000000000001'),
    ('60000000-0000-0000-0000-000000000005', '20000000-0000-0000-0000-000000000001'),
    ('60000000-0000-0000-0000-000000000006', '20000000-0000-0000-0000-000000000001'),
    ('60000000-0000-0000-0000-000000000007', '20000000-0000-0000-0000-000000000001'),
    ('60000000-0000-0000-0000-000000000008', '20000000-0000-0000-0000-000000000002'),
    ('60000000-0000-0000-0000-000000000009', '20000000-0000-0000-0000-000000000002');

-- Configuración final de distractores por pregunta
INSERT INTO public.pregunta_distractor (id_pregunta, id_distractor, correcto)
VALUES
    ('50000000-0000-0000-0000-000000000002', '60000000-0000-0000-0000-000000000003', true),
    ('50000000-0000-0000-0000-000000000002', '60000000-0000-0000-0000-000000000004', false),
    ('50000000-0000-0000-0000-000000000002', '60000000-0000-0000-0000-000000000005', false),
    ('50000000-0000-0000-0000-000000000003', '60000000-0000-0000-0000-000000000006', true),
    ('50000000-0000-0000-0000-000000000003', '60000000-0000-0000-0000-000000000007', false),
    ('50000000-0000-0000-0000-000000000004', '60000000-0000-0000-0000-000000000008', true),
    ('50000000-0000-0000-0000-000000000004', '60000000-0000-0000-0000-000000000009', false),
    ('50000000-0000-0000-0000-000000000005', '60000000-0000-0000-0000-000000000008', true),
    ('50000000-0000-0000-0000-000000000005', '60000000-0000-0000-0000-000000000009', false);

-- ================================================================================
-- 10. Datos de Maria para la prueba de INGRESO_UNIVERSITARIO_PRIMERA_RONDA
-- ================================================================================
-- Asignación de María a la jornada y aula
INSERT INTO public.prueba_jornada_aula_aspirante_opcion (id_prueba, id_jornada, id_aula, id_aspirante_opcion, fecha, activo)
VALUES ('30000000-0000-0000-0000-000000000002', '70000000-0000-0000-0000-000000000001', 'Aula 202', 'A0000000-0000-0000-0000-000000000002', CURRENT_TIMESTAMP, true);

-- Resultado del examen de María
INSERT INTO public.prueba_jornada_aula_aspirante_opcion_examen (id_prueba, id_jornada, id_aula, id_aspirante_opcion, id_prueba_clave, resultado, fecha_resultado)
VALUES ('30000000-0000-0000-0000-000000000002', '70000000-0000-0000-0000-000000000001', 'Aula 202', 'A0000000-0000-0000-0000-000000000002', '40000000-0000-0000-0000-000000000002', 45.00, CURRENT_TIMESTAMP);

-- ================================================================================
-- 11. Segunda Prueba para Maria - Prueba de Razonamiento Lógico
-- ================================================================================

-- 11.1 Nueva Prueba
INSERT INTO public.prueba (id_prueba, nombre, indicaciones, id_tipo_prueba, puntaje_maximo, nota_aprobacion, duracion, fecha_creacion)
VALUES ('30000000-0000-0000-0000-000000000003', 'Prueba de Razonamiento Lógico 2026', 'Con calculadora permitida', '10000000-0000-0000-0000-000000000001', 100.00, 60.00, 150, CURRENT_TIMESTAMP);

-- 11.2 Nueva Clave para la Prueba
INSERT INTO public.prueba_clave (id_prueba_clave, nombre_clave, id_prueba)
VALUES ('40000000-0000-0000-0000-000000000003', 'SEGUNDA_CLAVE_MARIA', '30000000-0000-0000-0000-000000000003');

-- 11.3 Asociar la Clave con Áreas (Física y Matemática)
INSERT INTO public.prueba_clave_area (id_prueba_clave, id_area, cantidad, porcentaje)
VALUES 
    ('40000000-0000-0000-0000-000000000003', '20000000-0000-0000-0000-000000000001', 5, 50.00),
    ('40000000-0000-0000-0000-000000000003', '20000000-0000-0000-0000-000000000002', 5, 50.00);

-- 11.4 Asociar Preguntas a la Clave (reutilizamos preguntas existentes)
INSERT INTO public.prueba_clave_area_pregunta (id_prueba_clave, id_area, id_pregunta, porcentaje)
VALUES
    ('40000000-0000-0000-0000-000000000003', '20000000-0000-0000-0000-000000000001', '50000000-0000-0000-0000-000000000002', 25.00),
    ('40000000-0000-0000-0000-000000000003', '20000000-0000-0000-0000-000000000001', '50000000-0000-0000-0000-000000000003', 25.00),
    ('40000000-0000-0000-0000-000000000003', '20000000-0000-0000-0000-000000000002', '50000000-0000-0000-0000-000000000004', 25.00),
    ('40000000-0000-0000-0000-000000000003', '20000000-0000-0000-0000-000000000002', '50000000-0000-0000-0000-000000000005', 25.00);

-- 11.5 Asociar Distractores a las Preguntas de la Clave
INSERT INTO public.prueba_clave_area_pregunta_distractor (id_prueba_clave, id_area, id_pregunta, id_distractor)
VALUES
    ('40000000-0000-0000-0000-000000000003', '20000000-0000-0000-0000-000000000001', '50000000-0000-0000-0000-000000000002', '60000000-0000-0000-0000-000000000003'),
    ('40000000-0000-0000-0000-000000000003', '20000000-0000-0000-0000-000000000001', '50000000-0000-0000-0000-000000000002', '60000000-0000-0000-0000-000000000004'),
    ('40000000-0000-0000-0000-000000000003', '20000000-0000-0000-0000-000000000001', '50000000-0000-0000-0000-000000000002', '60000000-0000-0000-0000-000000000005'),
    ('40000000-0000-0000-0000-000000000003', '20000000-0000-0000-0000-000000000001', '50000000-0000-0000-0000-000000000003', '60000000-0000-0000-0000-000000000006'),
    ('40000000-0000-0000-0000-000000000003', '20000000-0000-0000-0000-000000000001', '50000000-0000-0000-0000-000000000003', '60000000-0000-0000-0000-000000000007'),
    ('40000000-0000-0000-0000-000000000003', '20000000-0000-0000-0000-000000000002', '50000000-0000-0000-0000-000000000004', '60000000-0000-0000-0000-000000000008'),
    ('40000000-0000-0000-0000-000000000003', '20000000-0000-0000-0000-000000000002', '50000000-0000-0000-0000-000000000004', '60000000-0000-0000-0000-000000000009'),
    ('40000000-0000-0000-0000-000000000003', '20000000-0000-0000-0000-000000000002', '50000000-0000-0000-0000-000000000005', '60000000-0000-0000-0000-000000000008'),
    ('40000000-0000-0000-0000-000000000003', '20000000-0000-0000-0000-000000000002', '50000000-0000-0000-0000-000000000005', '60000000-0000-0000-0000-000000000009');

-- 11.6 Asociar la Prueba con la Jornada
INSERT INTO public.prueba_jornada (id_prueba, id_jornada)
VALUES ('30000000-0000-0000-0000-000000000003', '70000000-0000-0000-0000-000000000001');

-- 11.7 Asignación de María a la nueva Prueba (jornada y aula)
INSERT INTO public.prueba_jornada_aula_aspirante_opcion (id_prueba, id_jornada, id_aula, id_aspirante_opcion, fecha, activo)
VALUES ('30000000-0000-0000-0000-000000000003', '70000000-0000-0000-0000-000000000001', 'Aula 202', 'A0000000-0000-0000-0000-000000000002', CURRENT_TIMESTAMP, true);

-- 11.8 Resultado del examen de María en la nueva Prueba
INSERT INTO public.prueba_jornada_aula_aspirante_opcion_examen (id_prueba, id_jornada, id_aula, id_aspirante_opcion, id_prueba_clave, resultado, fecha_resultado)
VALUES ('30000000-0000-0000-0000-000000000003', '70000000-0000-0000-0000-000000000001', 'Aula 202', 'A0000000-0000-0000-0000-000000000002', '40000000-0000-0000-0000-000000000003', 78.50, CURRENT_TIMESTAMP);


-- ================================================================================
-- 12. DATOS MASIVOS: Jornadas, Aulas y Pruebas
-- ================================================================================

-- 12.1 Múltiples Jornadas (Matutina, Vespertina, Nocturna)
INSERT INTO public.jornada (id_jornada, nombre, fecha_inicio, fecha_fin)
VALUES 
    ('70000000-0000-0000-0000-000000000002', 'Jornada Matutina 2026-11-02', '2026-11-02 07:00:00+00', '2026-11-02 11:00:00+00'),
    ('70000000-0000-0000-0000-000000000003', 'Jornada Vespertina 2026-11-02', '2026-11-02 13:00:00+00', '2026-11-02 17:00:00+00'),
    ('70000000-0000-0000-0000-000000000004', 'Jornada Nocturna 2026-11-02', '2026-11-02 18:00:00+00', '2026-11-02 21:00:00+00'),
    ('70000000-0000-0000-0000-000000000005', 'Jornada Matutina 2026-11-03', '2026-11-03 07:00:00+00', '2026-11-03 11:00:00+00'),
    ('70000000-0000-0000-0000-000000000006', 'Jornada Vespertina 2026-11-03', '2026-11-03 13:00:00+00', '2026-11-03 17:00:00+00'),
    ('70000000-0000-0000-0000-000000000007', 'Jornada Nocturna 2026-11-03', '2026-11-03 18:00:00+00', '2026-11-03 21:00:00+00'),
    ('70000000-0000-0000-0000-000000000008', 'Jornada Matutina 2026-11-04', '2026-11-04 07:00:00+00', '2026-11-04 11:00:00+00'),
    ('70000000-0000-0000-0000-000000000009', 'Jornada Vespertina 2026-11-04', '2026-11-04 13:00:00+00', '2026-11-04 17:00:00+00'),
    ('70000000-0000-0000-0000-000000000010', 'Jornada Nocturna 2026-11-04', '2026-11-04 18:00:00+00', '2026-11-04 21:00:00+00'),
    ('70000000-0000-0000-0000-000000000011', 'Jornada Matutina 2026-11-05', '2026-11-05 07:00:00+00', '2026-11-05 11:00:00+00'),
    ('70000000-0000-0000-0000-000000000012', 'Jornada Vespertina 2026-11-05', '2026-11-05 13:00:00+00', '2026-11-05 17:00:00+00'),
    ('70000000-0000-0000-0000-000000000013', 'Jornada Nocturna 2026-11-05', '2026-11-05 18:00:00+00', '2026-11-05 21:00:00+00');

-- 12.2 Múltiples Aulas (50 aulas diferentes)
INSERT INTO public.jornada_aula (id_jornada_aula, id_jornada, id_aula)
VALUES 
    -- Jornada 2 (Matutina 2026-11-02)
    ('80000000-0000-0000-0000-000000000002', '70000000-0000-0000-0000-000000000002', 'Aula 101'),
    ('80000000-0000-0000-0000-000000000003', '70000000-0000-0000-0000-000000000002', 'Aula 102'),
    ('80000000-0000-0000-0000-000000000004', '70000000-0000-0000-0000-000000000002', 'Aula 103'),
    ('80000000-0000-0000-0000-000000000005', '70000000-0000-0000-0000-000000000002', 'Aula 104'),
    ('80000000-0000-0000-0000-000000000006', '70000000-0000-0000-0000-000000000002', 'Aula 105'),
    -- Jornada 3 (Vespertina 2026-11-02)
    ('80000000-0000-0000-0000-000000000007', '70000000-0000-0000-0000-000000000003', 'Aula 201'),
    ('80000000-0000-0000-0000-000000000008', '70000000-0000-0000-0000-000000000003', 'Aula 202'),
    ('80000000-0000-0000-0000-000000000009', '70000000-0000-0000-0000-000000000003', 'Aula 203'),
    ('80000000-0000-0000-0000-000000000010', '70000000-0000-0000-0000-000000000003', 'Aula 204'),
    ('80000000-0000-0000-0000-000000000011', '70000000-0000-0000-0000-000000000003', 'Aula 205'),
    -- Jornada 4 (Nocturna 2026-11-02)
    ('80000000-0000-0000-0000-000000000012', '70000000-0000-0000-0000-000000000004', 'Aula 301'),
    ('80000000-0000-0000-0000-000000000013', '70000000-0000-0000-0000-000000000004', 'Aula 302'),
    ('80000000-0000-0000-0000-000000000014', '70000000-0000-0000-0000-000000000004', 'Aula 303'),
    ('80000000-0000-0000-0000-000000000015', '70000000-0000-0000-0000-000000000004', 'Aula 304'),
    ('80000000-0000-0000-0000-000000000016', '70000000-0000-0000-0000-000000000004', 'Aula 305'),
    -- Jornada 5 (Matutina 2026-11-03)
    ('80000000-0000-0000-0000-000000000017', '70000000-0000-0000-0000-000000000005', 'Aula 101'),
    ('80000000-0000-0000-0000-000000000018', '70000000-0000-0000-0000-000000000005', 'Aula 102'),
    ('80000000-0000-0000-0000-000000000019', '70000000-0000-0000-0000-000000000005', 'Aula 103'),
    ('80000000-0000-0000-0000-000000000020', '70000000-0000-0000-0000-000000000005', 'Aula 104'),
    ('80000000-0000-0000-0000-000000000021', '70000000-0000-0000-0000-000000000005', 'Aula 106'),
    -- Jornada 6 (Vespertina 2026-11-03)
    ('80000000-0000-0000-0000-000000000022', '70000000-0000-0000-0000-000000000006', 'Aula 201'),
    ('80000000-0000-0000-0000-000000000023', '70000000-0000-0000-0000-000000000006', 'Aula 202'),
    ('80000000-0000-0000-0000-000000000024', '70000000-0000-0000-0000-000000000006', 'Aula 203'),
    ('80000000-0000-0000-0000-000000000025', '70000000-0000-0000-0000-000000000006', 'Aula 206'),
    ('80000000-0000-0000-0000-000000000026', '70000000-0000-0000-0000-000000000006', 'Aula 207'),
    -- Jornada 7 (Nocturna 2026-11-03)
    ('80000000-0000-0000-0000-000000000027', '70000000-0000-0000-0000-000000000007', 'Aula 301'),
    ('80000000-0000-0000-0000-000000000028', '70000000-0000-0000-0000-000000000007', 'Aula 302'),
    ('80000000-0000-0000-0000-000000000029', '70000000-0000-0000-0000-000000000007', 'Aula 306'),
    ('80000000-0000-0000-0000-000000000030', '70000000-0000-0000-0000-000000000007', 'Aula 307'),
    ('80000000-0000-0000-0000-000000000031', '70000000-0000-0000-0000-000000000007', 'Aula 308'),
    -- Jornada 8 (Matutina 2026-11-04)
    ('80000000-0000-0000-0000-000000000032', '70000000-0000-0000-0000-000000000008', 'Aula 101'),
    ('80000000-0000-0000-0000-000000000033', '70000000-0000-0000-0000-000000000008', 'Aula 105'),
    ('80000000-0000-0000-0000-000000000034', '70000000-0000-0000-0000-000000000008', 'Aula 106'),
    ('80000000-0000-0000-0000-000000000035', '70000000-0000-0000-0000-000000000008', 'Aula 107'),
    ('80000000-0000-0000-0000-000000000036', '70000000-0000-0000-0000-000000000008', 'Aula 108'),
    -- Jornada 9 (Vespertina 2026-11-04)
    ('80000000-0000-0000-0000-000000000037', '70000000-0000-0000-0000-000000000009', 'Aula 206'),
    ('80000000-0000-0000-0000-000000000038', '70000000-0000-0000-0000-000000000009', 'Aula 207'),
    ('80000000-0000-0000-0000-000000000039', '70000000-0000-0000-0000-000000000009', 'Aula 208'),
    ('80000000-0000-0000-0000-000000000040', '70000000-0000-0000-0000-000000000009', 'Aula 209'),
    ('80000000-0000-0000-0000-000000000041', '70000000-0000-0000-0000-000000000009', 'Aula 210'),
    -- Jornada 10 (Nocturna 2026-11-04)
    ('80000000-0000-0000-0000-000000000042', '70000000-0000-0000-0000-000000000010', 'Aula 306'),
    ('80000000-0000-0000-0000-000000000043', '70000000-0000-0000-0000-000000000010', 'Aula 307'),
    ('80000000-0000-0000-0000-000000000044', '70000000-0000-0000-0000-000000000010', 'Aula 309'),
    ('80000000-0000-0000-0000-000000000045', '70000000-0000-0000-0000-000000000010', 'Aula 310'),
    ('80000000-0000-0000-0000-000000000046', '70000000-0000-0000-0000-000000000010', 'Aula 311'),
    -- Jornada 11 (Matutina 2026-11-05)
    ('80000000-0000-0000-0000-000000000047', '70000000-0000-0000-0000-000000000011', 'Aula 107'),
    ('80000000-0000-0000-0000-000000000048', '70000000-0000-0000-0000-000000000011', 'Aula 108'),
    ('80000000-0000-0000-0000-000000000049', '70000000-0000-0000-0000-000000000011', 'Aula 109'),
    ('80000000-0000-0000-0000-000000000050', '70000000-0000-0000-0000-000000000011', 'Aula 110'),
    ('80000000-0000-0000-0000-000000000051', '70000000-0000-0000-0000-000000000011', 'Aula 111');

-- 12.3 Múltiples Pruebas Adicionales
INSERT INTO public.prueba (id_prueba, nombre, indicaciones, id_tipo_prueba, puntaje_maximo, nota_aprobacion, duracion, fecha_creacion)
VALUES 
    ('30000000-0000-0000-0000-000000000004', 'Prueba de Comprensión Lectora 2026', 'Sin calculadora', '10000000-0000-0000-0000-000000000001', 100.00, 60.00, 120, CURRENT_TIMESTAMP),
    ('30000000-0000-0000-0000-000000000005', 'Prueba de Geometría 2026', 'Con calculadora', '10000000-0000-0000-0000-000000000001', 100.00, 60.00, 110, CURRENT_TIMESTAMP),
    ('30000000-0000-0000-0000-000000000006', 'Prueba de Biología 2026', 'Sin calculadora', '10000000-0000-0000-0000-000000000001', 100.00, 60.00, 140, CURRENT_TIMESTAMP),
    ('30000000-0000-0000-0000-000000000007', 'Prueba de Química General 2026', 'Con fórmulas permitidas', '10000000-0000-0000-0000-000000000001', 100.00, 60.00, 125, CURRENT_TIMESTAMP),
    ('30000000-0000-0000-0000-000000000008', 'Prueba de Lenguaje 2026', 'Sin calculadora', '10000000-0000-0000-0000-000000000001', 100.00, 60.00, 100, CURRENT_TIMESTAMP),
    ('30000000-0000-0000-0000-000000000009', 'Prueba de Inglés 2026', 'Diccionario no permitido', '10000000-0000-0000-0000-000000000001', 100.00, 60.00, 105, CURRENT_TIMESTAMP),
    ('30000000-0000-0000-0000-000000000010', 'Prueba de Historia 2026', 'Materiales no permitidos', '10000000-0000-0000-0000-000000000001', 100.00, 60.00, 115, CURRENT_TIMESTAMP),
    ('30000000-0000-0000-0000-000000000011', 'Prueba de Civismo 2026', 'Sin calculadora', '10000000-0000-0000-0000-000000000001', 100.00, 60.00, 95, CURRENT_TIMESTAMP),
    ('30000000-0000-0000-0000-000000000012', 'Prueba de Economía Básica 2026', 'Con gráficas', '10000000-0000-0000-0000-000000000001', 100.00, 60.00, 120, CURRENT_TIMESTAMP),
    ('30000000-0000-0000-0000-000000000013', 'Prueba de Informática 2026', 'Acceso a computadora', '10000000-0000-0000-0000-000000000001', 100.00, 60.00, 130, CURRENT_TIMESTAMP),
    ('30000000-0000-0000-0000-000000000014', 'Prueba de Estadística 2026', 'Con calculadora científica', '10000000-0000-0000-0000-000000000001', 100.00, 60.00, 115, CURRENT_TIMESTAMP),
    ('30000000-0000-0000-0000-000000000015', 'Prueba de Filosofía 2026', 'Sin materiales', '10000000-0000-0000-0000-000000000001', 100.00, 60.00, 105, CURRENT_TIMESTAMP);

-- 12.4 Asociar Claves con las Nuevas Pruebas
INSERT INTO public.prueba_clave (id_prueba_clave, nombre_clave, id_prueba)
VALUES 
    ('40000000-0000-0000-0000-000000000004', 'COMPRENSION_LECTORA', '30000000-0000-0000-0000-000000000004'),
    ('40000000-0000-0000-0000-000000000005', 'GEOMETRIA', '30000000-0000-0000-0000-000000000005'),
    ('40000000-0000-0000-0000-000000000006', 'BIOLOGIA', '30000000-0000-0000-0000-000000000006'),
    ('40000000-0000-0000-0000-000000000007', 'QUIMICA', '30000000-0000-0000-0000-000000000007'),
    ('40000000-0000-0000-0000-000000000008', 'LENGUAJE', '30000000-0000-0000-0000-000000000008'),
    ('40000000-0000-0000-0000-000000000009', 'INGLES', '30000000-0000-0000-0000-000000000009'),
    ('40000000-0000-0000-0000-000000000010', 'HISTORIA', '30000000-0000-0000-0000-000000000010'),
    ('40000000-0000-0000-0000-000000000011', 'CIVISMO', '30000000-0000-0000-0000-000000000011'),
    ('40000000-0000-0000-0000-000000000012', 'ECONOMIA', '30000000-0000-0000-0000-000000000012'),
    ('40000000-0000-0000-0000-000000000013', 'INFORMATICA', '30000000-0000-0000-0000-000000000013'),
    ('40000000-0000-0000-0000-000000000014', 'ESTADISTICA', '30000000-0000-0000-0000-000000000014'),
    ('40000000-0000-0000-0000-000000000015', 'FILOSOFIA', '30000000-0000-0000-0000-000000000015');

-- 12.5 Asociar Pruebas con Jornadas (Distribución masiva - sin duplicar jornada 1 que ya tiene inserts)
INSERT INTO public.prueba_jornada (id_prueba, id_jornada)
VALUES 
    -- Jornada 2
    ('30000000-0000-0000-0000-000000000001', '70000000-0000-0000-0000-000000000002'),
    ('30000000-0000-0000-0000-000000000004', '70000000-0000-0000-0000-000000000002'),
    ('30000000-0000-0000-0000-000000000005', '70000000-0000-0000-0000-000000000002'),
    -- Jornada 3
    ('30000000-0000-0000-0000-000000000002', '70000000-0000-0000-0000-000000000003'),
    ('30000000-0000-0000-0000-000000000006', '70000000-0000-0000-0000-000000000003'),
    ('30000000-0000-0000-0000-000000000007', '70000000-0000-0000-0000-000000000003'),
    -- Jornada 4
    ('30000000-0000-0000-0000-000000000001', '70000000-0000-0000-0000-000000000004'),
    ('30000000-0000-0000-0000-000000000008', '70000000-0000-0000-0000-000000000004'),
    ('30000000-0000-0000-0000-000000000009', '70000000-0000-0000-0000-000000000004'),
    -- Jornada 5
    ('30000000-0000-0000-0000-000000000003', '70000000-0000-0000-0000-000000000005'),
    ('30000000-0000-0000-0000-000000000010', '70000000-0000-0000-0000-000000000005'),
    ('30000000-0000-0000-0000-000000000011', '70000000-0000-0000-0000-000000000005'),
    -- Jornada 6
    ('30000000-0000-0000-0000-000000000002', '70000000-0000-0000-0000-000000000006'),
    ('30000000-0000-0000-0000-000000000012', '70000000-0000-0000-0000-000000000006'),
    ('30000000-0000-0000-0000-000000000013', '70000000-0000-0000-0000-000000000006'),
    -- Jornada 7
    ('30000000-0000-0000-0000-000000000001', '70000000-0000-0000-0000-000000000007'),
    ('30000000-0000-0000-0000-000000000014', '70000000-0000-0000-0000-000000000007'),
    ('30000000-0000-0000-0000-000000000015', '70000000-0000-0000-0000-000000000007'),
    -- Jornada 8
    ('30000000-0000-0000-0000-000000000004', '70000000-0000-0000-0000-000000000008'),
    ('30000000-0000-0000-0000-000000000005', '70000000-0000-0000-0000-000000000008'),
    ('30000000-0000-0000-0000-000000000006', '70000000-0000-0000-0000-000000000008'),
    -- Jornada 9
    ('30000000-0000-0000-0000-000000000007', '70000000-0000-0000-0000-000000000009'),
    ('30000000-0000-0000-0000-000000000008', '70000000-0000-0000-0000-000000000009'),
    ('30000000-0000-0000-0000-000000000009', '70000000-0000-0000-0000-000000000009'),
    -- Jornada 10
    ('30000000-0000-0000-0000-000000000010', '70000000-0000-0000-0000-000000000010'),
    ('30000000-0000-0000-0000-000000000011', '70000000-0000-0000-0000-000000000010'),
    ('30000000-0000-0000-0000-000000000012', '70000000-0000-0000-0000-000000000010'),
    -- Jornada 11
    ('30000000-0000-0000-0000-000000000013', '70000000-0000-0000-0000-000000000011'),
    ('30000000-0000-0000-0000-000000000014', '70000000-0000-0000-0000-000000000011'),
    ('30000000-0000-0000-0000-000000000015', '70000000-0000-0000-0000-000000000011'),
    -- Jornada 12
    ('30000000-0000-0000-0000-000000000001', '70000000-0000-0000-0000-000000000012'),
    ('30000000-0000-0000-0000-000000000002', '70000000-0000-0000-0000-000000000012'),
    ('30000000-0000-0000-0000-000000000003', '70000000-0000-0000-0000-000000000012'),
    -- Jornada 13
    ('30000000-0000-0000-0000-000000000004', '70000000-0000-0000-0000-000000000013'),
    ('30000000-0000-0000-0000-000000000005', '70000000-0000-0000-0000-000000000013'),
    ('30000000-0000-0000-0000-000000000006', '70000000-0000-0000-0000-000000000013');

-- ================================================================================
-- ÁRBOL DE ÁREAS Y CONFIGURACIÓN PARA LA PRUEBA "NUEVO INGRESO 2026"
-- Clave ID: 40000000-0000-0000-0000-000000000002 (PRIMERA_CLAVE)
-- ================================================================================

-- 1. CREACIÓN DEL ÁRBOL DE ÁREAS (Materias y Sub-materias extraídas del JSON)
-- --------------------------------------------------------------------------------
-- Nivel 1: Áreas Padre
INSERT INTO public.area (id_area, id_area_padre, nombre, descripcion, activo) VALUES
    ('d8c82255-afe7-44c7-b3d1-64799287db01', NULL, 'INFORMATICA', 'Área principal Informática', true),
    ('a121653f-2a4c-4ccf-bc65-5b70869720dd', NULL, 'BIOLOGIA', 'Área principal Biología', true),
    ('8cf20e03-8930-42cc-aba3-a1932136e707', NULL, 'SOCIALES', 'Área principal Sociales', true)
ON CONFLICT (id_area) DO NOTHING;

-- Nivel 2: Sub-áreas
INSERT INTO public.area (id_area, id_area_padre, nombre, descripcion, activo) VALUES
    ('033146a3-788a-435f-a746-d57e1b300969', 'd8c82255-afe7-44c7-b3d1-64799287db01', 'PROGRAMACION', 'Sub-área de Informática', true),
    ('dd5eadb4-402c-4d32-85f3-373a5fe8a21f', 'd8c82255-afe7-44c7-b3d1-64799287db01', 'PROGRAMACION 2', 'Sub-área de Informática', true),
    ('dc445b72-5121-453a-add9-7380987160f6', 'd8c82255-afe7-44c7-b3d1-64799287db01', 'PROGRAMACION 3', 'Sub-área de Informática', true),
    ('84b48a4a-56b8-46d8-9cfe-54210faccaac', '8cf20e03-8930-42cc-aba3-a1932136e707', 'HISTORIA', 'Sub-área de Sociales', true),
    ('ea03041b-4ea5-4bf8-85f9-3752f5afbbe9', '8cf20e03-8930-42cc-aba3-a1932136e707', 'GEOGRAFÍA', 'Sub-área de Sociales', true)
ON CONFLICT (id_area) DO NOTHING;

-- Nivel 3: Sub-áreas específicas
INSERT INTO public.area (id_area, id_area_padre, nombre, descripcion, activo) VALUES
    ('3ed61146-af79-444e-b7f7-2ec134bd9836', '033146a3-788a-435f-a746-d57e1b300969', 'POO', 'Rama de Programación', true),
    ('24d7cca0-78ba-44cd-b80b-fabd86c69355', 'dc445b72-5121-453a-add9-7380987160f6', 'WebSockets', 'Rama de Programación 3', true),
    ('39d88938-f58d-4a4b-990b-bbe3b0245e06', '84b48a4a-56b8-46d8-9cfe-54210faccaac', 'IMPERIALIMSO', 'Rama de Historia', true),
    ('e57cdb2b-0590-407b-b60a-2e0e88837613', 'ea03041b-4ea5-4bf8-85f9-3752f5afbbe9', 'GEOMORFOLOGÍA', 'Rama de Geografía', true)
ON CONFLICT (id_area) DO NOTHING;

-- Insertamos el árbol completo con sus porcentajes y cantidades
INSERT INTO public.prueba_clave_area (id_prueba_clave, id_area, cantidad, porcentaje) VALUES
-- Informática y ramas
('40000000-0000-0000-0000-000000000002', 'd8c82255-afe7-44c7-b3d1-64799287db01', 10, 10.00),  -- INFORMATICA
('40000000-0000-0000-0000-000000000002', '033146a3-788a-435f-a746-d57e1b300969', 10, 10.00),  -- PROGRAMACION
('40000000-0000-0000-0000-000000000002', 'dd5eadb4-402c-4d32-85f3-373a5fe8a21f', 10, 10.00),  -- PROGRAMACION 2
('40000000-0000-0000-0000-000000000002', '3ed61146-af79-444e-b7f7-2ec134bd9836', 5,  50.00),  -- POO
('40000000-0000-0000-0000-000000000002', '24d7cca0-78ba-44cd-b80b-fabd86c69355', 5,  50.00),  -- WebSockets
-- Biología
('40000000-0000-0000-0000-000000000002', 'a121653f-2a4c-4ccf-bc65-5b70869720dd', 10, 25.00),  -- BIOLOGIA
-- Sociales y ramas
('40000000-0000-0000-0000-000000000002', '8cf20e03-8930-42cc-aba3-a1932136e707', 2,  2.00),   -- SOCIALES
('40000000-0000-0000-0000-000000000002', 'ea03041b-4ea5-4bf8-85f9-3752f5afbbe9', 2,  2.00),   -- GEOGRAFÍA
('40000000-0000-0000-0000-000000000002', '39d88938-f58d-4a4b-990b-bbe3b0245e06', 2,  2.00),   -- IMPERIALIMSO
('40000000-0000-0000-0000-000000000002', 'e57cdb2b-0590-407b-b60a-2e0e88837613', 2,  2.00);   -- GEOMORFOLOGÍA

-- ================================================================================
-- 13. ASIGNACIÓN DE AULAS MOCK PARA API REST
-- Se asocian las aulas A01, A02 y A03 a las primeras jornadas existentes.
-- ================================================================================

INSERT INTO public.jornada_aula (id_jornada_aula, id_jornada, id_aula)
VALUES 
    -- Se asocia A01 a "Jornada Matutina Base" (ID ...001)
    ('80000000-0000-0000-0000-000000000052', '70000000-0000-0000-0000-000000000001', 'A01'),
    
    -- Se asocia A02 a "Jornada Matutina 2026-11-02" (ID ...002)
    ('80000000-0000-0000-0000-000000000053', '70000000-0000-0000-0000-000000000002', 'A02'),
    
    -- Se asocia A03 a "Jornada Vespertina 2026-11-02" (ID ...003)
    ('80000000-0000-0000-0000-000000000054', '70000000-0000-0000-0000-000000000003', 'A03');
